Audi,1968,Diesel,20.38,A3,3491000,5,Automatic,35 TDI Premium Plus
Audi,1968,Diesel,20.38,A3,3669000,5,Automatic,35 TDI Technology
Audi,1395,Petrol,19.2,A3,3310000,5,Automatic,35 TFSI Premium Plus
Audi,1395,Petrol,19.2,A3,3510000,5,Automatic,35 TFSI Technology
Audi,1968,Diesel,15.73,Q3,3653000,5,Manual,30 TDI Premium FWD
Audi,1968,Diesel,15.73,Q3,3968000,5,Automatic,35 TDI quattro Premium Plus
Audi,1395,Petrol,16.9,Q3,3473000,5,Automatic,30 TFSI Premium
Audi,1968,Diesel,16.9,Q3,4076000,5,Automatic,2.0 TDI Design Edition
Audi,1968,Diesel,18.25,A4,4337000,5,Automatic,35 TDI Premium Plus
Audi,1395,Petrol,17.84,A4,4147000,5,Automatic,30 TFSI Premium Plus
Audi,1395,Petrol,17.84,A4,4505000,5,Automatic,30 TFSI Technology Pack
Audi,1968,Diesel,16.55,A4,4694000,5,Automatic,35 TDI Technology Pack
Audi,1798,Petrol,16.6,A3 Cabriolet,4486219,4,Automatic,40 TFSI
Audi,1968,Diesel,16.9,Q5,5527000,5,Automatic,35 TDI Premium Plus
Audi,1968,Diesel,15.73,Q5,5979000,5,Automatic,35 TDI Technology
Audi,1984,Petrol,12.44,Q5,5527000,5,Automatic,45 TFSI Premium Plus
Audi,1984,Petrol,12.44,Q5,5979000,5,Automatic,45 TFSI Technology
Audi,1968,Diesel,19.2,A5,5540000,5,Automatic,Sportback
Audi,1968,Diesel,18.53,A6,5669000,5,Automatic,35 TDI Matrix
Audi,1798,Petrol,15.26,A6,5588000,5,Automatic,35 TFSI Matrix
Audi,1984,Petrol,14.33,TT,6543000,5,Automatic,45 TFSI
Audi,1968,Diesel,17.2,A5 Cabriolet,6924000,4,Automatic,2.0 TDI
Audi,3993,Petrol,9.4,A8L,14945000,7,Automatic,60 TFSI
Audi,2967,Diesel,16.77,A8L,11766000,7,Automatic,50 TDI
Audi,4134,Diesel,9.5,A8L,14334000,7,Automatic,60 TDI
Audi,6299,Petrol,15.7,A8L,20353000,7,Automatic,W12
Audi,2967,Diesel,16.77,A8L,12275000,7,Automatic,50 TDI Plus
Hyundai,814 cc,Petrol,21.1,Hyundai Eon,332900,5,Manual,                                D-Lite                        
Hyundai,814 cc,Petrol,21.1,Hyundai Eon,369698,5,Manual,                                D-Lite +                        
Hyundai,814 cc,Petrol,21.1,Hyundai Eon,383562,5,Manual,                                Era +                        
Hyundai,814 cc,Petrol,21.1,Hyundai Eon,414855,5,Manual,                                Magna +                        
Hyundai,814 cc,Petrol,21.1,Hyundai Eon,442798,5,Manual,                                Sportz                        
Hyundai,998 cc,Petrol,20.3,Hyundai Eon,466432,5,Manual,                                1.0 Kappa Magna (O) (opt)                        
Hyundai,814 cc,Petrol,21.1,Hyundai Eon,421748,5,Manual,                                Magna+ Sports Edition                        
Hyundai,998 cc,Petrol,20.3,Hyundai Eon,432570,5,Manual,                                1.0 Kappa Era +                        
Hyundai,814 cc,Petrol,21.1,Hyundai Eon,393461,5,Manual,                                Era + (O)                        
Hyundai,814 cc,Petrol,21.1,Hyundai Eon,424754,5,Manual,                                Magna + (O)                        
Hyundai,814 cc,Petrol,21.1,Hyundai Eon,399801,5,Manual,                                Era + Sports Edition                        
Hyundai,1582 cc,Petrol,21.9,Hyundai Elantra,1499957,5,Manual,                                1.6 S MT                        
Hyundai,1582 cc,Petrol,21.9,Hyundai Elantra,1658435,5,Manual,                                1.6 SX MT                        
Hyundai,1582 cc,Petrol,21.7,Hyundai Elantra,1968614,5,Automatic,                                1.6 SX(O) AT                        
Hyundai,1999 cc,Petrol,14.6,Hyundai Elantra,1369000,5,Manual,                                2.0 S MT                        
Hyundai,1999 cc,Petrol,14.6,Hyundai Elantra,1516301,5,Manual,                                2.0 SX MT                        
Hyundai,1797 cc,Diesel,16.3,Hyundai Elantra,1629344,5,Automatic,                                2.0 SX AT                        
Hyundai,1999 cc,Diesel,14.6,Hyundai Elantra,1855388,5,Automatic,                                2.0 SX (O) AT                        
Hyundai,1999 cc,Diesel,14.6,Hyundai Elantra,1700359,5,Manual,                                2.0 SX (O) MT                        
Hyundai,1582 cc,Diesel,21.7,Hyundai Elantra,1804196,5,Manual,                                1.6 SX (O) MT                        
Hyundai,1197 cc,Petrol,19.7,Hyundai Grand i10,473900,5,Manual,                                1.2 Kappa VTVT Era                        
Hyundai,1197 cc,Petrol,18.9,Hyundai Grand i10,548100,5,Manual,                                1.2 Kappa VTVT Magna                        
Hyundai,1186 cc,Petrol,24.9,Hyundai Grand i10,589900,5,Manual,                                1.2 CRDi Era                        
Hyundai,1186 cc,Petrol,24.9,Hyundai Grand i10,645100,5,Manual,                                1.2 CRDi Magna                        
Hyundai,1186 cc,Petrol,24.9,Hyundai Grand i10,702600,5,Manual,                                1.2 CRDi Sportz                        
Hyundai,1197 cc,Petrol,19.7,Hyundai Grand i10,650300,5,Manual,                                1.2 Kappa VTVT Asta                        
Hyundai,1186 cc,Petrol,24.9,Hyundai Grand i10,747300,5,Manual,                                1.2 CRDi Asta                        
Hyundai,1197 cc,Diesel,19.7,Hyundai Grand i10,599915,5,Manual,                                1.2 Kappa VTVT Sportz                        
Hyundai,1197 cc,Diesel,17.4,Hyundai Grand i10,628000,5,Automatic,                                1.2 Kappa VTVT Magna AT                        
Hyundai,1197 cc,Diesel,17.4,Hyundai Grand i10,693800,5,Automatic,                                1.2 Kappa VTVT Sportz AT                        
Hyundai,1197 cc,Diesel,19.7,Hyundai Grand i10,628800,5,Manual,                                1.2 Kappa VTVT Sportz Dual Tone                        
Hyundai,1186 cc,Diesel,24.9,Hyundai Grand i10,727500,5,Manual,                                1.2 CRDi Sportz Dual Tone                        
Hyundai,1995 cc,Petrol,18.4,Hyundai Tucson,1863975,5,Manual,                                2WD MT Diesel                        
Hyundai,1999 cc,Petrol,13,Hyundai Tucson,1829900,5,Manual,                                2WD MT Petrol                        
Hyundai,1995 cc,Petrol,16.3,Hyundai Tucson,2304000,5,Automatic,                                2WD AT GL Diesel                        
Hyundai,1999 cc,Diesel,12.9,Hyundai Tucson,2129900,5,Automatic,                                2WD AT GL Petrol                        
Hyundai,1995 cc,Diesel,16.3,Hyundai Tucson,2574000,5,Automatic,                                4WD AT GLS Diesel                        
Hyundai,1999 cc,Diesel,12.9,Hyundai Tucson,2254900,5,Automatic,                                2WD AT GLS Petrol                        
Jaguar,1999, Diesel,19.3,Jaguar XF,4958000,5, Automatic,XF 2.0 Diesel Pure
Jaguar,1999, Diesel,19.3,Jaguar XF,5476000,5, Automatic,XF 2.0 Diesel Prestige
Jaguar,1999, Diesel,19.3,Jaguar XF,6141000,5, Automatic,XF 2.0 Diesel Portfolio
Jaguar,1997, Petrol,10.8,Jaguar XF,5325000,5, Automatic,XF 2.0 Petrol Prestige
Jaguar,1997, Petrol,10.8,Jaguar XF,6075000,5, Automatic,XF 2.0 Petrol Portfolio
Jaguar,2993, Diesel,14.47,Jaguar XJ,9901000,5, Automatic,XJ 3.0L Premium Luxury
Jaguar,2993, Diesel,14.47,Jaguar XJ,11000000,5, Automatic,XJ 3.0L Portfolio
Jaguar,1999, Petrol,9.43,Jaguar XJ,10100000,5, Automatic,XJ 2.0L Portfolio
Jaguar,1999, Diesel,21.27,Jaguar F-Pace,6357000,5, Automatic,F-Pace Prestige 2.0 AWD
Jaguar,1999, Petrol,10.8,Jaguar F-Pace,6317000,5, Automatic,F-Pace Prestige 2.0 Petrol
Jaguar,1999, Diesel,13.6,Jaguar XE,4047000,5, Automatic,XE 2.0L Diesel Pure
Jaguar,1999, Diesel,13.6,Jaguar XE,4475000,5, Automatic,XE 2.0L Diesel Prestige
Jaguar,1999, Diesel,13.5,Jaguar XE,4700000,5, Automatic,XE 2.0L Diesel Portfolio
Jaguar,1999, Petrol,13.6,Jaguar XE,3973000,5, Automatic,XE Pure
Jaguar,1999, Petrol,13.6,Jaguar XE,4404000,5, Automatic,XE Prestige
Jaguar,5000, Petrol,12.5,Jaguar F Type,22200000,5, Automatic,F Type 5.0 Coupe R
Jaguar,1997, Petrol,15.38,Jaguar F Type,10100000,5, Automatic,F Type Convertible 2.0
Jaguar,1997, Petrol,15.38,Jaguar F Type,10400000,5, Automatic,F Type Convertible R-Dynamic 2.0
Jaguar,1997, Petrol,15.38,Jaguar F Type,9093000,5, Automatic,F Type Coupe 2.0
Jaguar,1997, Petrol,15.38,Jaguar F Type,9367000,5, Automatic,F Type Coupe R-Dynamic 2.0
Maruthi Suzuki,1197,Petrol,20.4,Swift,499000,5,Manual,LXi
Maruthi Suzuki,1197,Petrol,20.4,Swift,589500,5,Manual,VXi
Maruthi Suzuki,1197,Petrol,20.4,Swift,636500,5,Automatic,VXi AMT
Maruthi Suzuki,1197,Petrol,20.4,Swift,651500,5,Manual,ZXi
Maruthi Suzuki,1197,Petrol,20.4,Swift,698500,5,Automatic,ZXi AMT
Maruthi Suzuki,1197,Petrol,20.4,Swift,731500,5,Manual,ZXi Plus
Maruthi Suzuki,1248,Diesel,25.2,Swift,599000,5,Manual,LDi
Maruthi Suzuki,1248,Diesel,25.2,Swift,687000,5,Manual,VDi
Maruthi Suzuki,1248,Diesel,25.2,Swift,734000,5,Automatic,VDi AMT
Maruthi Suzuki,1248,Diesel,25.2,Swift,749000,5,Manual,ZDi
Maruthi Suzuki,1248,Diesel,25.2,Swift,796000,5,Automatic,ZDi AMT
Maruthi Suzuki,1248,Diesel,25.2,Swift,829000,5,Manual,ZDi Plus
Maruthi Suzuki,1197,Petrol,20.4,Swift,776000,5,Automatic,ZXi Plus AMT
Maruthi Suzuki,1248,Diesel,25.2,Swift,876000,5,Automatic,ZDi Plus AMT
Maruthi Suzuki,1197,Petrol,20.4,Swift,499000,5,Manual,Special Edition Petrol
Maruthi Suzuki,1248,Diesel,25.2,Swift,599000,5,Manual,Special Edition Diesel
Maruthi Suzuki,796,Petrol,23.7,Alto 800,252883,5,Manual,STD
Maruthi Suzuki,796,Petrol,23.7,Alto 800,310947,5,Manual,LXI
Maruthi Suzuki,796,CNG,33.4,Alto 800,373576,5,Manual,LXI CNG
Maruthi Suzuki,796,Petrol,23.7,Alto 800,329948,5,Manual,VXI
Maruthi Suzuki,796,Petrol,23.7,Alto 800,335948,5,Manual,Vxi (O)
Maruthi Suzuki,796,Petrol,23.7,Alto 800,258883,5,Manual,STD (O)
Maruthi Suzuki,796,Petrol,24.7,Alto 800,316948,5,Manual,LXI (O)
Maruthi Suzuki,796,CNG,33.4,Alto 800,379519,5,Manual,LXI CNG (O)
Maruthi Suzuki,998,Petrol,23.1,Celerio,421386,5,Manual,LXi
Maruthi Suzuki,998,Petrol,23.1,Celerio,454531,5,Manual,VXi
Maruthi Suzuki,998,Petrol,23.1,Celerio,497531,5,Automatic,VXi AT
Maruthi Suzuki,998,Petrol,23.1,Celerio,480047,5,Manual,ZXi
Maruthi Suzuki,998,Petrol,23.1,Celerio,528156,5,Manual,ZXi (OPT)
Maruthi Suzuki,998,CNG,31.7,Celerio,516551,5,Manual,Vxi CNG MT
Maruthi Suzuki,998,Petrol,23.1,Celerio,523047,5,Automatic,ZXi AGS
Maruthi Suzuki,998,Petrol,23.1,Celerio,435402,5,Manual,LXi MT (O)
Maruthi Suzuki,998,Petrol,23.1,Celerio,470021,5,Manual,VXi (O) MT
Maruthi Suzuki,998,Petrol,23.1,Celerio,513021,5,Automatic,VXi (O) AGS
Maruthi Suzuki,998,Petrol,23.1,Celerio,540156,5,Automatic,ZXi (O) AGS
Maruthi Suzuki,796,Petrol,16.8,Omni,272165,5,Manual,5 STR BS-IV
Maruthi Suzuki,796,Petrol,16.8,Omni,273872,8,Manual,E 8 STR BS-IV
Maruthi Suzuki,796,Petrol,23.7,Alto 800 Tour,318607,5,Manual,H1
Maruthi Suzuki,796,Petrol,24.7,Alto 800 Tour,323531,5,Manual,H1 (O)
Maruthi Suzuki,998,Petrol,24,Alto K10,347587,5,Manual,LXI
Maruthi Suzuki,998,Petrol,24,Alto K10,364418,5,Manual,VXI
Maruthi Suzuki,998,Petrol,24,Alto K10,331284,5,Manual,LX
Maruthi Suzuki,998,Petrol,24,Alto K10,384259,5,Manual,VXI (O)
Maruthi Suzuki,998,CNG,32.2,Alto K10,416478,5,Manual,LXI CNG (O)
Maruthi Suzuki,998,Petrol,24,Alto K10,353640,5,Manual,LXI (O)
Maruthi Suzuki,998,Petrol,24,Alto K10,416924,5,Automatic,VXI AGS (O)
Maruthi Suzuki,998,Petrol,24,Alto K10,337337,5,Manual,LX (O)
Maruthi Suzuki,1196,Petrol,15,Eeco,332087,5,Manual,5 STR
Maruthi Suzuki,1196,Petrol,15,Eeco,352191,7,Manual,7 STR
Maruthi Suzuki,1196,Petrol,15,Eeco,365302,5,Manual,5 STR WITH A/C+HTR
Maruthi Suzuki,1196,CNG,20,Eeco,437559,5,Manual,5 STR WITH A/C+HTR CNG
Maruthi Suzuki,1196,CNG,20,Eeco,404879,5,Manual,5 STR with HTR CNG
Maruthi Suzuki,1248,Diesel,28.09,Ciaz,1097000,5,Manual,1.3L Alpha Smart Hybrid
Maruthi Suzuki,1248,Diesel,28.09,Ciaz,919000,5,Manual,1.3L Sigma Smart Hybrid
Maruthi Suzuki,1248,Diesel,28.09,Ciaz,980000,5,Manual,1.3L Delta Smart Hybrid
Maruthi Suzuki,1248,Diesel,28.09,Ciaz,1057000,5,Manual,1.3L Zeta Smart Hybrid
Maruthi Suzuki,1462,Petrol,21.56,Ciaz,819000,5,Manual,1.5L Sigma Smart Hybrid
Maruthi Suzuki,1462,Petrol,21.56,Ciaz,880000,5,Manual,1.5L Delta Smart Hybrid
Maruthi Suzuki,1462,Petrol,21.56,Ciaz,957000,5,Manual,1.5L Zeta Smart Hybrid
Maruthi Suzuki,1462,Petrol,21.56,Ciaz,997000,5,Manual,1.5L Alpha Smart Hybrid
Maruthi Suzuki,1462,Petrol,20.28,Ciaz,980000,5,Automatic,1.5L Delta AT Smart Hybrid
Maruthi Suzuki,1462,Petrol,20.28,Ciaz,1057000,5,Automatic,1.5L Zeta AT Smart Hybrid
Maruthi Suzuki,1462,Petrol,20.28,Ciaz,1097000,5,Automatic,1.5L Alpha AT Smart Hybrid
Maruthi Suzuki,1373,Petrol,17.5,Ertiga,634154,5,Manual,LXi
Maruthi Suzuki,1373,Petrol,17.5,Ertiga,827164,5,Manual,ZXi
Maruthi Suzuki,1373,CNG,22.8,Ertiga,827361,5,Manual,VXi CNG
Maruthi Suzuki,1373,Petrol,17.5,Ertiga,766378,5,Manual,VXi
Maruthi Suzuki,1373,Petrol,17.5,Ertiga,673350,5,Manual,Lxi (O)
Maruthi Suzuki,1248,Diesel,24.52,Ertiga,878535,5,Manual,LDI SHVS
Maruthi Suzuki,1248,Diesel,24.52,Ertiga,886343,5,Manual,LDI (O) SHVS
Maruthi Suzuki,1373,Petrol,17.03,Ertiga,868367,5,Automatic,VXI AT
Maruthi Suzuki,1248,Diesel,24.52,Ertiga,957872,5,Manual,VDI SHVS
Maruthi Suzuki,1373,Petrol,17.5,Ertiga,885308,5,Manual,ZXI Plus
Maruthi Suzuki,1248,Diesel,24.52,Ertiga,995215,5,Manual,ZDI SHVS
Maruthi Suzuki,1248,Diesel,24.52,Ertiga,1069310,5,Manual,ZDI SHVS Plus
Maruthi Suzuki,1248,Diesel,24.52,Ertiga,971372,5,Manual,VDI Limited Edition
Maruthi Suzuki,1373,Petrol,17.03,Ertiga,779878,5,Automatic,VXI Limited Edition
Maruthi Suzuki,1197,Petrol,22,Dzire,560440,5,Manual,LXi
Maruthi Suzuki,1197,Petrol,22,Dzire,648439,5,Manual,VXI
Maruthi Suzuki,1248,Diesel,28.4,Dzire,657970,5,Manual,LDI
Maruthi Suzuki,1197,Petrol,22,Dzire,710440,5,Manual,ZXI
Maruthi Suzuki,1248,Diesel,28.4,Dzire,745969,5,Manual,VDI
Maruthi Suzuki,1197,Petrol,22,Dzire,695440,5,Automatic,VXI AMT
Maruthi Suzuki,1248,Diesel,28.4,Dzire,854970,5,Automatic,ZDI AMT
Maruthi Suzuki,1248,Diesel,28.4,Dzire,807970,5,Manual,ZDI
Maruthi Suzuki,1197,Petrol,22,Dzire,800440,5,Manual,ZXI Plus
Maruthi Suzuki,1197,Petrol,22,Dzire,757440,5,Automatic,ZXI AT
Maruthi Suzuki,1197,Petrol,22,Dzire,847440,5,Automatic,ZXI Plus AMT
Maruthi Suzuki,1248,Diesel,28.4,Dzire,897970,5,Manual,ZDI Plus
Maruthi Suzuki,1248,Diesel,28.4,Dzire,792970,5,Automatic,VDI AMT
Maruthi Suzuki,1248,Diesel,28.4,Dzire,944970,5,Automatic,ZDI Plus AMT
Maruthi Suzuki,1197,Petrol,22,Dzire,560440,5,Manual,LXi Special Edition
Maruthi Suzuki,1248,Diesel,28.4,Dzire,657970,5,Manual,LDi Special Edition
Maruthi Suzuki,998,Petrol,20.51,Wagon R,414921,5,Manual,LXi
Maruthi Suzuki,998,Petrol,20.51,Wagon R,440963,5,Manual,VXi
Maruthi Suzuki,998,CNG,26.6,Wagon R,469030,5,Manual,LXi CNG
Maruthi Suzuki,998,Petrol,20.51,Wagon R,488063,5,Automatic,VXI AMT
Maruthi Suzuki,998,Petrol,20.51,Wagon R,520709,5,Automatic,VXI AMT(O)
Maruthi Suzuki,998,Petrol,20.51,Wagon R,473748,5,Manual,VXi (O)
Maruthi Suzuki,998,Petrol,20.51,Wagon R,447688,5,Manual,LXi (O)
Maruthi Suzuki,998,CNG,26.6,Wagon R,488014,5,Manual,LXi CNG (O)
Maruthi Suzuki,998,Petrol,20.51,Wagon R,469628,5,Manual,VXi Plus
Maruthi Suzuki,998,Petrol,20.51,Wagon R,488677,5,Manual,VXi Plus (O)
Maruthi Suzuki,998,Petrol,20.51,Wagon R,516589,5,Automatic,VXI Plus AMT
Maruthi Suzuki,998,Petrol,20.51,Wagon R,535639,5,Automatic,VXI Plus AMT(O)
Maruthi Suzuki,998,Petrol,20.51,Wagon R,440411,5,Manual,LXi Limited Edition
Maruthi Suzuki,998,Petrol,20.51,Wagon R,456453,5,Manual,VXi Limited Edition
Maruthi Suzuki,1248,Diesel,23.65,S-Cross,885000,5,Manual,1.3L Sigma
Maruthi Suzuki,1248,Diesel,23.65,S-Cross,997000,5,Manual,1.3L Delta
Maruthi Suzuki,1248,Diesel,23.65,S-Cross,1045000,5,Manual,1.3L Zeta
Maruthi Suzuki,1248,Diesel,23.65,S-Cross,1145000,5,Manual,1.3L Alpha
Maruthi Suzuki,1248,Diesel,24.3,Vitara Breeza,758190,5,Manual,LDI
Maruthi Suzuki,1248,Diesel,24.3,Vitara Breeza,810190,5,Manual,VDI
Maruthi Suzuki,1248,Diesel,24.3,Vitara Breeza,887690,5,Manual,ZDI
Maruthi Suzuki,1248,Diesel,24.3,Vitara Breeza,983190,5,Manual,ZDI+
Maruthi Suzuki,1248,Diesel,24.3,Vitara Breeza,999000,5,Manual,ZDI+  Dual Tone
Maruthi Suzuki,1248,Diesel,24.3,Vitara Breeza,1033190,5,Manual,ZDI+ AGS
Maruthi Suzuki,1248,Diesel,24.3,Vitara Breeza,860190,5,Automatic,VDI AGS
Maruthi Suzuki,1248,Diesel,24.3,Vitara Breeza,937690,5,Automatic,ZDI AGS
Maruthi Suzuki,1248,Diesel,24.3,Vitara Breeza,1055190,5,Automatic,ZDI+ Dual Tone AGS
Maruthi Suzuki,998,Petrol,23.1,Celerio X,478392,5,Manual,VXI (O)
Maruthi Suzuki,998,Petrol,23.1,Celerio X,463339,5,Manual,VXI
Maruthi Suzuki,998,Petrol,23.1,Celerio X,506339,5,Automatic,VXI AMT
Maruthi Suzuki,998,Petrol,23.1,Celerio X,521392,5,Automatic,VXI AMT (O)
Maruthi Suzuki,998,Petrol,23.1,Celerio X,488347,5,Manual,ZXI
Maruthi Suzuki,998,Petrol,23.1,Celerio X,536758,5,Manual,ZXI (O)
Maruthi Suzuki,998,Petrol,23.1,Celerio X,531347,5,Automatic,ZXI AMT
Maruthi Suzuki,998,Petrol,23.1,Celerio X,548758,5,Automatic,ZXI AMT (O)
Maruthi Suzuki,1298,Petrol,11.9,Gypsy,636790,8,Manual,Hard Top
Maruthi Suzuki,1298,Petrol,11.9,Gypsy,622042,8,Manual,Soft Top
Maruthi Suzuki,1248,Diesel,27.39,Baleno,717215,5,Manual,1.3  Delta
Maruthi Suzuki,1248,Diesel,27.39,Baleno,651119,5,Manual,1.3 Sigma
Maruthi Suzuki,1248,Diesel,27.39,Baleno,778448,5,Manual,1.3 Zeta
Maruthi Suzuki,1248,Diesel,27.39,Baleno,849889,5,Manual,1.3 Alpha
Maruthi Suzuki,1197,Petrol,21.4,Baleno,538372,5,Manual,1.2 Sigma
Maruthi Suzuki,1197,Petrol,21.4,Baleno,599500,5,Manual,1.2 Delta
Maruthi Suzuki,1197,Petrol,21.04,Baleno,712015,5,Automatic,1.2 Delta CVT
Maruthi Suzuki,1197,Petrol,21.4,Baleno,667689,5,Manual,1.2 Zeta
Maruthi Suzuki,1197,Petrol,21.4,Baleno,738261,5,Manual,1.2 Alpha
Maruthi Suzuki,1197,Petrol,21.04,Baleno,667689,5,Automatic,1.2 Zeta CVT
Maruthi Suzuki,998,Petrol,21.4,Baleno,847303,5,Manual,RS 1.0
Maruthi Suzuki,1197,Petrol,21.4,Baleno,843470,5,Automatic,1.2 Alpha CVT
Maruthi Suzuki,1197,Petrol,20.89,Ignis,466509,5,Manual,Sigma 1.2 MT
Maruthi Suzuki,1197,Petrol,20.89,Ignis,527782,5,Manual,Delta 1.2 MT
Maruthi Suzuki,1197,Petrol,20.89,Ignis,569905,5,Manual,ZETA 1.2 MT
Maruthi Suzuki,1197,Petrol,20.89,Ignis,651131,5,Manual,ALPHA 1.2 MT
Maruthi Suzuki,1197,Petrol,20.89,Ignis,582609,5,Automatic,Delta 1.2 AT
Maruthi Suzuki,1197,Petrol,20.89,Ignis,625846,5,Automatic,ZETA 1.2 AT
Maruthi Suzuki,1197,Petrol,20.89,Ignis,705131,5,Automatic,ALPHA 1.2 AT
Mercedes,1595 cc,Petrol,14.81,B-Class,2988311,5,Automatic,                                B 180 Sport                        
Mercedes,2143 cc,Petrol,15,B-Class,3089851,5,Automatic,                                B 200 CDI Sport                        
Mercedes,1595 cc,Diesel,14.81,B-Class,3198662,5,Automatic,                                B 180 Night Edition                        
Mercedes,2143 cc,Diesel,15,B-Class,3303282,5,Automatic,                                B 200 CDI Night Edition                        
Mercedes,1991 cc,Petrol,12,E-Class,5861062,5,Automatic,                                E200                        
Mercedes,2987 cc,Petrol,14.2,E-Class,7285332,5,Automatic,                                E350 d                        
Mercedes,2987 cc,Diesel,14.2,E-Class,5964321,5,Automatic,                                E220d                        
Mercedes,5461 cc,Diesel,8.5,E-Class,15000000,5,Automatic,                                E 63 S AMG                        
Mercedes,2987 cc,Petrol,11.6,GLS,8567000,5,Automatic,                                350 CDI                        
Mercedes,5461 cc,Petrol,12,GLS,19199181,5,Automatic,                                63 AMG                        
Mercedes,2996 cc,Petrol,12,GLS,8567000,5,Automatic,                                400 4MATIC                        
Mercedes,2996 cc,Diesel,12,GLS,8690000,5,Automatic,                                Grand Edition Petrol                        
Mercedes,2987 cc,Diesel,11.6,GLS,8690000,5,Automatic,                                Grand Edition Diesel                        
Mercedes,2143 cc,Diesel,9.2,CLS,7354025,5,Automatic,                                250 CDI                        
Nissan,1198 cc,Petrol,18.9,Nissan Micra Active,506828,5,Manual,                                XL                        
Nissan,1198 cc,Petrol,19.4,Nissan Micra Active,601619,5,Manual,                                XV                        
Nissan,1198 cc,Petrol,18.9,Nissan Micra Active,544399,5,Manual,                                XL (O)                        
Nissan,1498 cc,Petrol,16.9,Nissan Sunny,705000,5,Manual,                                XE Petrol                        
Nissan,1498 cc,Petrol,16.9,Nissan Sunny,807990,5,Manual,                                XL Petrol                        
Nissan,1461 cc,Petrol,22.7,Nissan Sunny,844890,5,Manual,                                XL Diesel                        
Nissan,1461 cc,Diesel,22.7,Nissan Sunny,956497,5,Manual,                                XV Diesel                        
Nissan,1461 cc,Diesel,22.7,Nissan Sunny,795300,5,Manual,                                XE Diesel                        
Nissan,1498 cc,Diesel,17.9,Nissan Sunny,961000,5,Automatic,                                XV CVT                        
Nissan,1461 cc,Diesel,22.7,Nissan Sunny,848000,5,Manual,                                Special Edition Diesel                        
Nissan,1461 cc,Petrol,20.4,Nissan Terrano,999900,5,Manual,                                XE D 85PS                        
Nissan,1461 cc,Diesel,19,Nissan Terrano,1464900,5,Automatic,                                XV D Premium 110 PS AMT                        
Nissan,1598 cc,Diesel,13.2,Nissan Terrano,999000,5,Manual,                                XL (P)                        
Nissan,1461 cc,Diesel,20.4,Nissan Terrano,1235700,5,Manual,                                XL D(O)                        
Nissan,1461 cc,Diesel,19,Nissan Terrano,1419900,5,Manual,                                XV D Premium 110 PS                        
Nissan,1461 cc,Diesel,20.4,Nissan Terrano,1235700,5,Manual,                                Sport Edition                        
Nissan,1198 cc,Petrol,19.3,Nissan Micra,619499,5,Automatic,                                XL CVT Fashion Edition                        
Nissan,1198 cc,Petrol,19.3,Nissan Micra,642001,5,Automatic,                                XL (O) CVT                        
Nissan,1198 cc,Petrol,19.3,Nissan Micra,761485,5,Automatic,                                XV CVT                        
Nissan,1461 cc,Diesel,23,Nissan Micra,721475,5,Manual,                                XLD (O)                        
Nissan,1461 cc,Diesel,23,Nissan Micra,790935,5,Manual,                                XVD                        
Nissan,3799 cc,Petrol,Nissan Sunny,Nissan Sunny,21240272,5,Automatic,                                3.8 V6                        
Skoda,1598,Petrol,15.4,Rapid,926800,5,Manual,1.6 MPI Ambition
Skoda,1498,Petrol,21.1,Rapid,994970,5,Manual,1.5 TDI CR Active
Skoda,1598,Petrol,15.4,Rapid,847993,5,Manual,1.6 MPI Active
Skoda,1498,Petrol,21.1,Rapid,999000,5,Manual,1.5 TDI CR Ambition
Skoda,1498,Petrol,21.7,Rapid,1201735,5,Automatic,1.5 TDI CR Ambition AT
Skoda,1598,Petrol,14.8,Rapid,1191132,5,Automatic,1.6 MPI Style AT
Skoda,1498,Petrol,21.7,Rapid,1363306,5,Automatic,1.5 TDI CR Style AT
Skoda,1498,Petrol,21.1,Rapid,1248807,5,Manual,1.5 TDI CR Style
Skoda,1598,Petrol,15.4,Rapid,999000,5,Manual,1.6 MPI Style
Skoda,1598,Petrol,14.8,Rapid,999000,5,Automatic,1.6 MPI Ambition AT
Skoda,1498,Petrol,15.4,Rapid,1096584,5,Manual,1.6 MPI MT Edition X
Skoda,1598,Petrol,14.8,Rapid,1221241,5,Automatic,1.6 MPI AT Edition X
Skoda,1498,Petrol,21.1,Rapid,1278307,5,Manual,1.5 TDI MT Edition X
Skoda,1498,Petrol,21.7,Rapid,1392805,5,Automatic,1.5 TDI AT Edition X
Skoda,1598,Petrol,15.4,Rapid,975000,5,Manual,Onyx MT Petrol
Skoda,1598,Petrol,14.8,Rapid,1099000,5,Automatic,Onyx AT Petrol
Skoda,1498,Diesel,21.1,Rapid,1158000,5,Manual,Onyx MT Diesel
Skoda,1498,Diesel,21.7,Rapid,1273000,5,Automatic,Onyx AT Diesel
Skoda,1395,Petrol,16.7,Octavia,1599000,5,Manual,Ambition 1.4 TSI
Skoda,1968,Petrol,21,Octavia,1799000,5,Manual,Ambition 2.0 TDI CR
Skoda,1395,Petrol,16.7,Octavia,1849000,5,Manual,Style 1.4 TSI
Skoda,1798,Petrol,15.1,Octavia,1999000,5,Automatic,Style 1.8 TSI AT
Skoda,1968,Petrol,21,Octavia,1999000,5,Manual,Style 2.0 TDI CR
Skoda,1968,Petrol,19.5,Octavia,2225000,5,Automatic,Style 2.0 TDI CR AT
Skoda,1984,Petrol,16.7,Octavia,2678000,5,Automatic,RS
Skoda,1798,Petrol,15.1,Octavia,2269000,5,Automatic,L & K 1.8 TSI AT
Skoda,1968,Petrol,19.5,Octavia,2525000,5,Automatic,L & K 2.0 TDI CR AT
Skoda,1798,Petrol,14.12,Superb,2559000,5,Manual,Style 1.8 TSI MT
Skoda,1798,Petrol,14.67,Superb,2759000,5,Automatic,Style 1.8 TSI AT
Skoda,1798,Petrol,13.7,Superb,2999000,5,Automatic,L & K 1.8 TSI AT
Skoda,1968,Petrol,18.19,Superb,3299000,5,Automatic,L & K 2.0 TDI AT
Skoda,1968,Petrol,18.19,Superb,2999000,5,Automatic,Style 2.0 TDI AT
Skoda,1798,Petrol,13.7,Superb,2899000,5,Automatic,Sportline 1.8L TSI AT
Skoda,1968,Petrol,18.19,Superb,3149000,5,Automatic,Sportline 2.0L TDI AT
Skoda,1968,Petrol,18.19,Kodiaq,3483995,5,Automatic,Style 2.0 TDI 4x4 AT
Tata,624,Petrol,23.6,Nano,236447,4,Manual,GenX XE
Tata,624,Petrol,23.6,Nano,272223,4,Manual,GenX XM
Tata,624,Petrol,23.6,Nano,292667,4,Manual,GenX XT
Tata,624,Petrol,23.6,Nano,314815,4,Manual,GenX XMA
Tata,624,Petrol,21.9,Nano,334768,4,Manual,GenX XTA
Tata,624,CNG,21.9,Nano,296662,4,Manual,EMax XM
Tata,1199,Petrol,23.84,Tiago,339821,4,Manual,Tiago XB 
Tata,1199,Petrol,23.84,Tiago,403018,4,Manual,Tiago XE 
Tata,1199,Petrol,23.84,Tiago,425649,4,Manual,Tiago XE (O) 
Tata,1199,Petrol,23.84,Tiago,434726,4,Manual,Tiago XM 
Tata,1199,Petrol,23.84,Tiago,457357,4,Manual,Tiago XM (O) 
Tata,1199,Petrol,23.84,Tiago,467744,4,Manual,Tiago XT 
Tata,1199,Petrol,23.84,Tiago,489095,4,Manual,Tiago XT (O) 
Tata,1199,Petrol,23.84,Tiago,504133,4,Manual,Tiago XTA 
Tata,1199,Petrol,23.84,Tiago,510690,4,Manual,Tiago XZ W/O Alloy 
Tata,1199,Petrol,23.84,Tiago,521873,4,Manual,Tiago XZ 
Tata,1047,Petrol,23.84,Tiago,563482,4,Manual,Tiago XZA 
Tata,1047,Diesel,27.28,Tiago,420609,4,Manual,Tiago XB 
Tata,1047,Diesel,27.28,Tiago,473771,4,Manual,Tiago XE 
Tata,1047,Diesel,27.28,Tiago,496401,4,Manual,Tiago XE (O) 
Tata,1047,Diesel,27.28,Tiago,515966,4,Manual,Tiago XM 
Tata,1047,Diesel,27.28,Tiago,538597,4,Manual,Tiago XM (O) 
Tata,1047,Diesel,27.28,Tiago,549248,4,Manual,Tiago XT 
Tata,1047,Diesel,27.28,Tiago,570578,4,Manual,Tiago XT (O) 
Tata,1047,Diesel,27.28,Tiago,592224,4,Manual,Tiago XZ W/O Alloy 
Tata,1047,Diesel,27.28,Tiago,604597,4,Manual,Tiago XZ 
Tata,1193,Petrol,17.57,Bolt,497896,4,Manual,Bolt XE 
Tata,1193,Petrol,17.57,Bolt,569451,4,Manual,Bolt XM 
Tata,1193,Petrol,17.57,Bolt,593698,4,Manual,Bolt XMS 
Tata,1193,Petrol,17.57,Bolt,654144,4,Manual,Bolt XT 
Tata,1248,Diesel,22.95,Bolt,604573,4,Manual,Bolt XE 
Tata,1248,Diesel,22.95,Bolt,652329,4,Manual,Bolt XM 
Tata,1248,Diesel,22.95,Bolt,688675,4,Manual,Bolt XMS 
Tata,1248,Diesel,22.95,Bolt,756993,4,Manual,Bolt XT 
Tata,1199,Petrol,23.84,Tigor,520000,4,Manual,Tigor XE 
Tata,1199,Petrol,23.84,Tigor,555000,4,Manual,Tigor XM 
Tata,1199,Petrol,23.84,Tigor,595000,4,Manual,Tigor XZ 
Tata,1199,Petrol,23.84,Tigor,649000,4,Manual,Tigor XZ+ 
Tata,1047,Petrol,23.84,Tigor,665000,4,Manual,Tigor XZA 
Tata,1047,Diesel,27.28,Tigor,609000,4,Manual,Tigor XE 
Tata,1047,Diesel,27.28,Tigor,641000,4,Manual,Tigor XM 
Tata,1047,Diesel,27.28,Tigor,684000,4,Manual,Tigor XZ 
Tata,1047,Diesel,27.28,Tigor,738000,4,Manual,Tigor XZ+ 
Tata,1193,Petrol,17.57,Zest,553729,4,Manual,ZEST XE 
Tata,1193,Petrol,17.57,Zest,625368,4,Manual,ZEST XM 
Tata,1193,Petrol,17.57,Zest,644083,4,Manual,ZEST XMS 
Tata,1193,Petrol,17.57,Zest,703917,4,Manual,ZEST XT 
Tata,1248,Diesel,20.65,Zest,649030,4,Manual,ZEST XE 
Tata,1248,Diesel,20.65,Zest,728469,4,Manual,ZEST XM 
Tata,1248,Diesel,20.65,Zest,755050,4,Manual,ZEST XMS 
Tata,1248,Diesel,20.65,Zest,815181,4,Manual,ZEST XMA 
Tata,1248,Diesel,20.65,Zest,816514,4,Manual,ZEST XT 
Tata,1248,Diesel,21.58,Zest,897315,4,Manual,ZEST XTA 
Tata,1248,Diesel,21.58,Zest,777660,4,Manual,ZEST PREMIO 
Tata,1198,Petrol,17.88,Nexon,622802,4,Manual,Nexon XE
Tata,1198,Petrol,17.88,Nexon,698047,4,Manual,Nexon XM
Tata,1198,Petrol,17.88,Nexon,758048,4,Manual,Nexon XMA
Tata,1198,Petrol,17.88,Nexon,759692,4,Manual,Nexon XT
Tata,1198,Petrol,17.88,Nexon,806087,4,Manual,Nexon XZ
Tata,1198,Petrol,17.88,Nexon,888247,4,Manual,Nexon XZ+
Tata,1198,Petrol,17.88,Nexon,908847,4,Manual,Nexon XZ+ With Dual Tone Roof
Tata,1198,Petrol,17.88,Nexon,948447,4,Manual,Nexon XZA+
Tata,1198,Petrol,17.88,Nexon,969048,4,Manual,Nexon XZA+ With Dual Tone Roof
Tata,1198,Diesel,23.97,Nexon,725812,4,Manual,Nexon XE
Tata,1198,Diesel,23.97,Nexon,790773,4,Manual,Nexon XM
Tata,1198,Diesel,17.88,Nexon,847265,4,Manual,Nexon XT
Tata,1198,Diesel,17.88,Nexon,860773,4,Manual,Nexon XMA
Tata,1198,Diesel,17.88,Nexon,906195,4,Manual,Nexon XZ
Tata,1198,Diesel,17.88,Nexon,975837,4,Manual,Nexon XZ+
Tata,1198,Diesel,17.88,Nexon,996437,4,Manual,Nexon XZ+ With Dual Tone Roof
Tata,1198,Diesel,17.88,Nexon,1046037,4,Automatic,Nexon XZA+
Tata,1198,Diesel,17.88,Nexon,1066637,4,Automatic,Nexon XZA+ With Dual Tone Roof
Tata,1198,Petrol,17.88,Nexon,714951,4,Automatic,Nexon  KRAZ
Tata,1198,Petrol,17.88,Nexon,776595,4,Automatic,Nexon  KRAZ+
Tata,1198,Diesel,23.97,Nexon,807566,4,Automatic,Nexon  KRAZ
Tata,1198,Diesel,23.97,Nexon,864058,4,Automatic,Nexon  KRAZ+
Tata,2956,Diesel,15.3,Sumo,752004,6,Manual,Sumo Gold CX 
Tata,2956,Diesel,15.3,Sumo,758785,6,Manual,Sumo Gold CX PS AC 
Tata,2956,Diesel,15.3,Sumo,770093,6,Manual,Sumo Gold CX - PS 
Tata,2956,Diesel,15.3,Sumo,826348,6,Manual,Sumo Gold EX 
Tata,2956,Diesel,15.3,Sumo,896764,6,Manual,Sumo Gold GX 
Tata,2179,Diesel,14.4,Hexa,1257252,7,Manual,Hexa XE   4X2
Tata,2179,Diesel,14.4,Hexa,1419002,7,Automatic,Hexa XM   4X2
Tata,2179,Diesel,14.4,Hexa,1527000,7,Automatic,Hexa XM+   4X2
Tata,2179,Diesel,14.4,Hexa,1543213,7,Manual,Hexa XMA   4X2
Tata,2179,Diesel,14.4,Hexa,1664083,7,Manual,Hexa XT   4X2
Tata,2179,Diesel,14.4,Hexa,1780218,7,Manual,Hexa XTA   4X2
Tata,2179,Diesel,14.4,Hexa,1797043,7,Manual,Hexa XT   4X4
Tata,2179,Diesel,13.9,Safari,1089501,4,Manual,Safari Storme Lx Refreshed 
Tata,2179,Diesel,13.9,Safari,1289147,4,Manual,Safari Storme Ex Refreshed 
Tata,2179,Diesel,13.9,Safari,1433563,6,Manual,Safari Storme Vx Refreshed (400 NM) 
Tata,2179,Diesel,13.9,Safari,1597818,6,Manual,Safari Storme Vx Refreshed (400 NM) 
Toyota,1496 cc,Petrol,17.1,Toyota Yaris,929000,5,Manual,                                J                        
Toyota,1496 cc,Petrol,17.1,Toyota Yaris,1056000,5,Manual,                                G                        
Toyota,1498 cc,Petrol,17.1,Toyota Yaris,1170000,5,Manual,                                V                        
Toyota,1496 cc,Petrol,17.8,Toyota Yaris,1407000,5,Automatic,                                VX CVT                        
Toyota,1496 cc,Petrol,17.8,Toyota Yaris,1176000,5,Automatic,                                G CVT                        
Toyota,1496 cc,Petrol,17.8,Toyota Yaris,999000,5,Automatic,                                J CVT                        
Toyota,1496 cc,Petrol,17.8,Toyota Yaris,1290000,5,Automatic,                                V CVT                        
Toyota,1496 cc,Petrol,17.1,Toyota Yaris,1285000,5,Manual,                                VX                        
Toyota,1798 cc,Hybrid,23.9,Toyota Prius,4509000,5,Automatic,                                Z8                        
Toyota,1496 cc,Petrol,16.7,Toyota Platinum Etios,627100,5,Manual,                                G                        
Toyota,1496 cc,Petrol,16.7,Toyota Platinum Etios,709100,5,Manual,                                V                        
Toyota,1364 cc,Petrol,23.5,Toyota Platinum Etios,734700,5,Manual,                                GD                        
Toyota,1364 cc,Petrol,23.5,Toyota Platinum Etios,819100,5,Manual,                                VD                        
Toyota,1364 cc,Petrol,23.5,Toyota Platinum Etios,878900,5,Manual,                                VXD                        
Toyota,1496 cc,Diesel,16.7,Toyota Platinum Etios,768900,5,Manual,                                VX                        
Toyota,1496 cc,Diesel,16.7,Toyota Platinum Etios,680100,5,Manual,                                GX                        
Toyota,1364 cc,Diesel,23.5,Toyota Platinum Etios,790100,5,Manual,                                GXD                        
Toyota,1364 cc,Diesel,23.5,Toyota Platinum Etios,893900,5,Manual,                                VXD Limited Edition                        
Toyota,1496 cc,Diesel,16.7,Toyota Platinum Etios,783900,5,Manual,                                VX Limited Edition                        
Toyota,4461 cc,Diesel,9,Toyota Land Cruiser,14134000,5,Automatic,                                VX                        
Toyota,2982 cc,Diesel,11.1,Toyota Land Cruiser Prado,926000,5,Automatic,                                VX L                        
Toyota,2393 cc,Petrol,15.4,Toyota Innova Crysta,1577000,5,Manual,                                2.4 GX 7 STR                        
Toyota,2393 cc,Petrol,15,Toyota Innova Crysta,1886000,5,Manual,                                2.4 VX 7 STR                        
Toyota,2755 cc,Petrol,14.29,Toyota Innova Crysta,2201000,5,Automatic,                                2.8 ZX AT 7 STR                        
Toyota,2393 cc,Petrol,15.4,Toyota Innova Crysta,1582000,5,Manual,                                2.4 GX 8 STR                        
Toyota,2755 cc,Petrol,14.29,Toyota Innova Crysta,1723000,5,Automatic,                                2.8 GX AT 8 STR                        
Toyota,2393 cc,Petrol,15.4,Toyota Innova Crysta,1891000,5,Manual,                                2.4 VX 8 STR                        
Toyota,2393 cc,Petrol,15.1,Toyota Innova Crysta,2071000,5,Manual,                                2.4 ZX 7 STR                        
Toyota,2755 cc,Petrol,14.29,Toyota Innova Crysta,1718000,5,Automatic,                                2.8 GX AT 7 STR                        
Toyota,2694 cc,Diesel,10.83,Toyota Innova Crysta,1592000,5,Automatic,                                2.7 GX AT 8 STR                        
Toyota,2694 cc,Diesel,10.83,Toyota Innova Crysta,1587000,5,Automatic,                                2.7 GX AT 7 STR                        
Toyota,2393 cc,Diesel,10.75,Toyota Innova Crysta,2070000,5,Automatic,                                2.7 ZX AT 7 STR                        
Toyota,2393 cc,Diesel,11.25,Toyota Innova Crysta,1774000,5,Manual,                                2.7 VX 7 STR                        
Toyota,2755 cc,Diesel,11.25,Toyota Innova Crysta,1465000,5,Manual,                                2.7 GX MT 7 STR                        
Toyota,2755 cc,Diesel,11.25,Toyota Innova Crysta,1470000,5,Manual,                                2.7 GX MT 8 STR                        
Toyota,2755 cc,Diesel,14.29,Toyota Innova Crysta,2306000,5,Automatic,                                Touring Sport 2.8 ZX AT 7 STR                        
Toyota,2393 cc,Diesel,15,Toyota Innova Crysta,2056000,5,Manual,                                Touring Sport 2.4 VX 7 STR                        
Toyota,2393 cc,Diesel,11.25,Toyota Innova Crysta,1859000,5,Manual,                                Touring Sport 2.7 VX 7 STR                        
Toyota,2694 cc,Diesel,10.75,Toyota Innova Crysta,2138000,5,Automatic,                                Touring Sport 2.7 ZX AT 7 STR                        
Toyota,2755 cc,Petrol,12.9,Toyota Fortuner,3107000,5,Automatic,                                2.8 4x2 AT                        
Toyota,2755 cc,Petrol,14.2,Toyota Fortuner,2928000,5,Manual,                                2.8 4x2 MT                        
Toyota,2755 cc,Diesel,14.2,Toyota Fortuner,3118000,5,Manual,                                2.8 4x4 MT                        
Toyota,2755 cc,Diesel,12.9,Toyota Fortuner,3297000,5,Automatic,                                2.8 4x4 AT                        
Toyota,2694 cc,Diesel,10.2,Toyota Fortuner,2886000,5,Automatic,                                2.7 4x2 AT                        
Toyota,2694 cc,Diesel,10,Toyota Fortuner,2727000,5,Manual,                                2.7 4x2 MT                        
Toyota,1496 cc,Petrol,16.7,Toyota Etios Cross,792500,5,Manual,                                V                        
Toyota,1197 cc,Petrol,17.7,Toyota Etios Cross,640500,5,Manual,                                G                        
Toyota,1364 cc,Petrol,23.5,Toyota Etios Cross,788000,5,Manual,                                VD                        
Toyota,1364 cc,Diesel,23.5,Toyota Etios Cross,756500,5,Manual,                                GD                        
Toyota,1197 cc,Diesel,17.7,Toyota Etios Cross,668500,5,Manual,                                1.2 X Edition                        
Toyota,1364 cc,Diesel,23.5,Toyota Etios Cross,816000,5,Manual,                                1.4 X Edition                        
Toyota,1798 cc,Petrol,16.7,Toyota Corolla Altis,1627000,5,Manual,                                G Petrol                        
Toyota,1798 cc,Petrol,16.7,Toyota Corolla Altis,1788000,5,Automatic,                                G AT Petrol                        
Toyota,1798 cc,Petrol,16.7,Toyota Corolla Altis,1864000,5,Manual,                                GL Petrol                        
Toyota,1364 cc,Petrol,21,Toyota Corolla Altis,1918000,5,Manual,                                GL Diesel                        
Toyota,1364 cc,Diesel,21,Toyota Corolla Altis,1753000,5,Manual,                                G Diesel                        
Toyota,1798 cc,Diesel,16.7,Toyota Corolla Altis,2001000,5,Automatic,                                VL AT Petrol                        
Toyota,1197 cc,Petrol,18.1,Toyota Etios Liva,520300,5,Manual,                                G                        
Toyota,1197 cc,Petrol,18.1,Toyota Etios Liva,571500,5,Manual,                                V                        
Toyota,1364 cc,Petrol,23.5,Toyota Etios Liva,647800,5,Manual,                                GD                        
Toyota,1197 cc,Petrol,18.1,Toyota Etios Liva,620500,5,Manual,                                VX                        
Toyota,1364 cc,Petrol,23.5,Toyota Etios Liva,735500,5,Manual,                                VXD                        
Toyota,1364 cc,Petrol,23.5,Toyota Etios Liva,694500,5,Manual,                                VD                        
Toyota,1197 cc,Petrol,18.1,Toyota Etios Liva,585700,5,Manual,                                Dual Tone V                        
Toyota,1364 cc,Diesel,23.5,Toyota Etios Liva,708700,5,Manual,                                Dual Tone VD                        
Toyota,1197 cc,Diesel,18.1,Toyota Etios Liva,629700,5,Manual,                                Dual Tone VX                        
Toyota,1364 cc,Diesel,23.5,Toyota Etios Liva,744700,5,Manual,                                Dual Tone VXD                        
Toyota,1197 cc,Diesel,18.1,Toyota Etios Liva,548900,5,Manual,                                GX                        
Toyota,1364 cc,Diesel,23.5,Toyota Etios Liva,676500,5,Manual,                                GXD                        
Toyota,1197 cc,Diesel,18.1,Toyota Etios Liva,650700,5,Manual,                                VX Dual Tone Limited Edition                        
Toyota,1364 cc,Diesel,23.5,Toyota Etios Liva,765700,5,Manual,                                VXD Dual Tone Limited Edition                        
Toyota,2494 cc,Hybrid,19.1,Toyota Camry,3722300,5,Automatic,                                Hybrid                        
Volkswagen,1498 cc,Petrol,20.6,Volkswagen Vento,965000,5,Manual,                                1.5 TDI Trendline                        
Volkswagen,1498 cc,Petrol,20.6,Volkswagen Vento,999900,5,Manual,                                1.5 TDI Comfortline                        
Volkswagen,1498 cc,Petrol,20.6,Volkswagen Vento,1164000,5,Manual,                                1.5 TDI Highline                        
Volkswagen,1498 cc,Petrol,21.5,Volkswagen Vento,1196000,5,Automatic,                                1.5 TDI Comfortline AT                        
Volkswagen,1498 cc,Petrol,21.5,Volkswagen Vento,1289000,5,Automatic,                                1.5 TDI Highline AT                        
Volkswagen,1598 cc,Petrol,16,Volkswagen Vento,832500,5,Manual,                                1.6 MPI Trendline                        
Volkswagen,1598 cc,Petrol,16,Volkswagen Vento,929900,5,Manual,                                1.6 MPI Comfortline                        
Volkswagen,1598 cc,Petrol,16,Volkswagen Vento,999900,5,Manual,                                1.6 MPI Highline                        
Volkswagen,1197 cc,Diesel,18.1,Volkswagen Vento,1059000,5,Automatic,                                1.2 TSI Comfortline AT                        
Volkswagen,1197 cc,Diesel,18.1,Volkswagen Vento,1151000,5,Automatic,                                1.2 TSI Highline AT                        
Volkswagen,1498 cc,Diesel,20.6,Volkswagen Vento,1267000,5,Manual,                                1.5L TDI Highline Plus                        
Volkswagen,1598 cc,Diesel,16,Volkswagen Vento,1127000,5,Manual,                                1.6L MPI Highline Plus                        
Volkswagen,1197 cc,Diesel,18.1,Volkswagen Vento,1254000,5,Automatic,                                1.2 TSI Highline Plus AT                        
Volkswagen,1498 cc,Diesel,20.6,Volkswagen Vento,1392000,5,Automatic,                                1.5L TDI Highline Plus AT                        
Volkswagen,1498 cc,Diesel,21.5,Volkswagen Vento,1289000,5,Automatic,                                Sports Edition Diesel                        
Volkswagen,1197 cc,Diesel,18.1,Volkswagen Vento,999900,5,Manual,                                Sports Edition Petrol                        
Volkswagen,1968 cc,Diesel,17,Volkswagen Tiguan,2749074,5,Automatic,                                Comfortline 2.0L TDI AMT                        
Volkswagen,1968 cc,Diesel,17,Volkswagen Tiguan,3087611,5,Automatic,                                Highline 2.0L TDI AMT                        
Volkswagen,1968 cc,Diesel,17.4,Volkswagen Passat,1901500,5,Automatic,                                2.0 TDI Comfortline                        
Volkswagen,1968 cc,Diesel,17.4,Volkswagen Passat,2999000,5,Automatic,                                2.0 TDI Highline                        
Volkswagen,999 cc,Petrol,18.7,Volkswagen Polo,553500,5,Manual,                                Trendline 1L (P)                        
Volkswagen,999 cc,Petrol,18.7,Volkswagen Polo,623000,5,Manual,                                Comfortline 1L (P)                        
Volkswagen,999 cc,Petrol,18.7,Volkswagen Polo,714500,5,Manual,                                Highline 1L (P)                        
Volkswagen,1498 cc,Petrol,20.1,Volkswagen Polo,704000,5,Manual,                                Trendline 1.5L (D)                        
Volkswagen,1498 cc,Petrol,20.1,Volkswagen Polo,867200,5,Manual,                                Highline1.5L (D)                        
Volkswagen,1498 cc,Petrol,20.1,Volkswagen Polo,795500,5,Manual,                                Comfortline 1.5L (D)                        
Volkswagen,999 cc,Diesel,18.7,Volkswagen Polo,730978,5,Manual,                                Allstar 1L (P)                        
Volkswagen,1498 cc,Diesel,20.1,Volkswagen Polo,885012,5,Manual,                                Allstar 1.5L (D)                        
Volkswagen,999 cc,Diesel,18.7,Volkswagen Polo,737000,5,Manual,                                Highline Plus 1L (P)                        
Volkswagen,1498 cc,Diesel,20.1,Volkswagen Polo,890200,5,Manual,                                Highline Plus 1.5L (D)                        
Volkswagen,999 cc,Diesel,18.7,Volkswagen Polo,714500,5,Manual,                                Sports Edition Petrol                        
Volkswagen,1498 cc,Diesel,20.1,Volkswagen Polo,867200,5,Manual,                                Sports Edition Diesel                        
